<?xml version="1.0" encoding="utf-8"?>
<feed xmlns="http://www.w3.org/2005/Atom">

  <title><![CDATA[MIT/Blockchain]]></title>
  <link href="http://mit.edu/blockchain/atom.xml" rel="self"/>
  <link href="http://mit.edu/blockchain/"/>
  <updated>2016-10-06T05:28:27-04:00</updated>
  <id>http://mit.edu/blockchain/</id>
  <author>
    <name><![CDATA[]]></name>
    
  </author>
  <generator uri="http://www.mweb.im">MWeb</generator>

  
  <entry>
    <title type="html"><![CDATA[What is Blockchain?]]></title>
    <link href="http://mit.edu/blockchain/14757277236927.html"/>
    <updated>2016-10-06T00:22:03-04:00</updated>
    <id>http://mit.edu/blockchain/14757277236927.html</id>
    <content type="html"><![CDATA[
<h2 id="toc_0">Legal Definition:</h2>

<p>As state and federal legislation involving blockchains become more common, the question is arising: what is - or should be - the definition of blockchain and smart contract for purposes of statute and regulation?  Perhaps just as important is the legal definition of blockchain in contracts, licenses, formal standards and other legal or official materials.  There are multiple views and drafts of potential definitions being circulated.  This site offers a public forum for participatory and collaborative engagement on this question. </p>

<h2 id="toc_1">October 13th Event at the US House of Representative</h2>

<p>Join the <a href="http://law.mit.edu">MIT/law Forum</a>, Congressman Schweikert&#39;s Office, The Chamber of Digital Commerce, and The DC Blockchain Center for a constructive afternoon of off the record discourse on defining blockchains and smart contracts in federal legislation. </p>

<p>We will go over the stellar contributions resulting from a month-long public engagement process eliciting proposed definitions and relevant considerations, kicked off at the MIT Media Lab on September 13th. Like an open source code project, the more thoughtful contributions we can attract, the better our high quality, reliable, and “bug-free” legislative code will be. Contribute your ideas for blockchain and/or smart contract definitions <a href="https://law.mit.edu/Blockchain-Legislative-Definition">here</a></p>

<p>The words blockchain and smart contracts are not currently used in federal law, and through collaboration and crowdsourced submissions, we aim to get as close as we can to &quot;workable” definitions.  We will be hosting this in-person event in a subcommittee room of the Science, Space, and Technology Committee  with participants joining in online as well.  To identify the key issues and options, we’ll structure the discussion into three roundtable sessions, on business, legal and technical aspects.   Each roundtable session will be allotted an hour for open dialogue and commence with a small panel of experts to anchor the discussion in key business, legal and technical dimensions of the topic.  </p>

<p><strong>Date &amp; Time:</strong></p>

<p>Thursday, October 13, 2016<br/>
1:00 PM – 4:00 PM<br/>
<a href="https://www.eventbrite.com/e/blockchain-definitions-on-capitol-hill-tickets-27887784113#add-to-calendar-modal">Add to Calendar</a></p>

<p><strong>Location:</strong></p>

<p>Rayburn House Office Building 2325<br/>
Washington, DC 20515<br/>
<a href="https://www.eventbrite.com/e/blockchain-definitions-on-capitol-hill-tickets-27887784113#map-target">View Map</a></p>

<p><strong>Tentative Schedule:</strong><br/>
* Business Segment: 1:00pm -2:00pm<br/>
* Legal Segment: 2:00pm - 3:00pm<br/>
* Technical Segment: 3:00pm - 4:00pm</p>

<h2 id="toc_2">Relevant Links:</h2>

<ul>
<li><p>Find out more about that project at <a href="http://law.mit.edu/blockchain">law.mit.edu/blockchain</a></p></li>
<li><p><a href="https://goo.gl/forms/JtrmDlyX0NbcBTVA3">Submit your definition</a> of blockchain and/or smart contract on our open, public intake form</p></li>
<li><p><a href="http://www.eventbrite.com/e/blockchain-definitions-on-capitol-hill-tickets-27887784113?ref=ebtnebregn">Register to participate</a> in a conversation at the US House of Representatives on October 13th, 2016</p></li>
<li><p><a href="https://github.com/LegalCode/Blockchain">Watch the dialog evolve on the GitHub repository</a> designated for this project and contribute by making pull requests</p></li>
</ul>

]]></content>
  </entry>
  
  <entry>
    <title type="html"><![CDATA[Register for In-Person Meeting]]></title>
    <link href="http://mit.edu/blockchain/14757381966010.html"/>
    <updated>2016-10-06T03:16:36-04:00</updated>
    <id>http://mit.edu/blockchain/14757381966010.html</id>
    <content type="html"><![CDATA[
<p>Register to join an in-person dialog at the US House of Representatives on October 13th, 2016  </p>

<p>Event Registration: <a href="http://www.eventbrite.com/e/blockchain-definitions-on-capitol-hill-tickets-27887784113?ref=ebtnebregn">http://www.eventbrite.com/e/blockchain-definitions-on-capitol-hill-tickets-27887784113?ref=ebtnebregn</a></p>

<pre><code>Embed the following iframe into your site to encourage even more people to join this dialog:

&lt;a href=&quot;http://www.eventbrite.com/e/blockchain-definitions-on-capitol-hill-tickets-27887784113?ref=ebtnebregn&quot; target=&quot;_blank&quot;&gt;&lt;img alt=&quot;Eventbrite - Blockchain Definitions on Capitol Hill&quot; src=&quot;https://www.eventbrite.com/custombutton?eid=27887784113&quot; /&gt;&lt;/a&gt;
</code></pre>

]]></content>
  </entry>
  
  <entry>
    <title type="html"><![CDATA[Propose a Definition]]></title>
    <link href="http://mit.edu/blockchain/14757373023978.html"/>
    <updated>2016-10-06T03:01:42-04:00</updated>
    <id>http://mit.edu/blockchain/14757373023978.html</id>
    <content type="html"><![CDATA[
<p>Use the form below to contribute your proposed legal definition of blockchain or smart contract</p>

<p><a href="https://goo.gl/forms/IJKevr45xc8ARYJA3">https://goo.gl/forms/IJKevr45xc8ARYJA3</a></p>

<pre><code>Use the following iframe to embed this form in your site and encourage even more people to submit definitions: 

&lt;iframe src=&quot;https://docs.google.com/forms/d/e/1FAIpQLSdblRe3zASFDaxFWGhihY5MQ6W8OHewqJW4xI0yAVyZVGeikg/viewform?embedded=true&quot; width=&quot;760&quot; height=&quot;500&quot; frameborder=&quot;0&quot; marginheight=&quot;0&quot; marginwidth=&quot;0&quot;&gt;Loading...&lt;/iframe&gt;
</code></pre>

]]></content>
  </entry>
  
  <entry>
    <title type="html"><![CDATA[Media Engagement]]></title>
    <link href="http://mit.edu/blockchain/14757441598850.html"/>
    <updated>2016-10-06T04:55:59-04:00</updated>
    <id>http://mit.edu/blockchain/14757441598850.html</id>
    <content type="html"><![CDATA[
<h2 id="toc_0">Breaking Banks</h2>

<p>Bret King interviews Dazza Greenwood at MIT Media Lab and Tommy Leander, Legislative Aid to Congressman Schweikart, about this public engagement on legislative definition of blockchain </p>

<ul>
<li>Listen: <a href="http://breakingbanks.com/episode/next-money-nyc-2016">http://breakingbanks.com/episode/next-money-nyc-2016</a></li>
<li>More Info: <a href="https://law.mit.edu/breaking-banks">https://law.mit.edu/breaking-banks</a></li>
</ul>

<h2 id="toc_1">BTC-Media</h2>

<p>Coming soon...</p>

]]></content>
  </entry>
  
  <entry>
    <title type="html"><![CDATA[Google Hangouts]]></title>
    <link href="http://mit.edu/blockchain/14757442207077.html"/>
    <updated>2016-10-06T04:57:00-04:00</updated>
    <id>http://mit.edu/blockchain/14757442207077.html</id>
    <content type="html"><![CDATA[
<p>Join the dialog on an upcoming Google Hangout with experts, innovators, entrepreneurs and other thoughts leaders </p>

<h2 id="toc_0">Hangout Schedule</h2>

<p>Coming soon...</p>

]]></content>
  </entry>
  
  <entry>
    <title type="html"><![CDATA[Candidate Smart Contract Definitions]]></title>
    <link href="http://mit.edu/blockchain/14757381049155.html"/>
    <updated>2016-10-06T03:15:04-04:00</updated>
    <id>http://mit.edu/blockchain/14757381049155.html</id>
    <content type="html"><![CDATA[
<p>We use GitHub to curate and share contributions of proposed legal code in a similar way as software code.  </p>

<h2 id="toc_0"><a href="https://github.com/LegalCode/Blockchain/labels/Smart_Contract_Definition">GitHub Issues</a></h2>

<p>We created a GitHub Issue for each proposed definition.  </p>

<ul>
<li>GitHub issues labelled &quot;<a href="https://github.com/LegalCode/Blockchain/labels/Smart_Contract_Definition">Smart_Contract_Definition</a>&quot;</li>
</ul>

<p>You can use the label feature of GitHub Issues as an easy method of sorting, filtering and searching definitions (this will become more valuable as more definitions are submitted and more labels are used).  GitHub Issues also provides an easy way to add comments about any issue. </p>

<h2 id="toc_1">Individual GitHub Files</h2>

<ul>
<li>We have also created flat files containing each proposed definition along with the reasons and context behind the definition, as supplied by the contributor.</li>
<li>See: <a href="https://github.com/LegalCode/Blockchain/tree/master/contributions">https://github.com/LegalCode/Blockchain/tree/master/contributions</a></li>
</ul>

]]></content>
  </entry>
  
  <entry>
    <title type="html"><![CDATA[Candidate Blockchain Definitions]]></title>
    <link href="http://mit.edu/blockchain/14757380726955.html"/>
    <updated>2016-10-06T03:14:32-04:00</updated>
    <id>http://mit.edu/blockchain/14757380726955.html</id>
    <content type="html"><![CDATA[
<p>We use GitHub to curate and share contributions of proposed legal code in a similar way as software code.  </p>

<h2 id="toc_0"><a href="https://github.com/LegalCode/Blockchain/labels/Blockchain_Definition">GitHub Issues</a></h2>

<p>We created a GitHub Issue for each proposed definition.  </p>

<ul>
<li>GitHub issues labelled &quot;<a href="https://github.com/LegalCode/Blockchain/labels/Blockchain_Definition">Blockchain_Definition</a>&quot;</li>
</ul>

<p>You can use the label feature of GitHub Issues as an easy method of sorting, filtering and searching definitions (this will become more valuable as more definitions are submitted and more labels are used).  GitHub Issues also provides an easy way to add comments about any issue. </p>

<h2 id="toc_1">Individual GitHub Files</h2>

<ul>
<li>We have also created flat files containing each proposed definition along with the reasons and context behind the definition, as supplied by the contributor.</li>
<li>See: <a href="https://github.com/LegalCode/Blockchain/tree/master/contributions">https://github.com/LegalCode/Blockchain/tree/master/contributions</a></li>
</ul>

]]></content>
  </entry>
  
</feed>
